{
  "Stacking": {
    "accuracy": 0.9138888888888889,
    "f1": 0.827968923418424,
    "roc_auc": 0.9330363993264182
  },
  "Boosting": {
    "accuracy": 0.9052777777777777,
    "f1": 0.802547770700637,
    "roc_auc": 0.9312444324873704
  },
  "RandomForest": {
    "accuracy": 0.8905555555555555,
    "f1": 0.7555831265508685,
    "roc_auc": 0.9261519146264909
  },
  "DecisionTree": {
    "accuracy": 0.8363888888888888,
    "f1": 0.651685393258427,
    "roc_auc": 0.8414824779043235
  },
  "LogisticRegression": {
    "accuracy": 0.8119444444444445,
    "f1": 0.5606748864373783,
    "roc_auc": 0.7976922846979344
  },
  "Dummy": {
    "accuracy": 0.6152777777777778,
    "f1": 0.2660307366189719,
    "roc_auc": 0.5026724060622366
  }
}