,client_id,age,income,years_employed,credit_score,debt_to_income,num_credit_cards,num_late_payments,has_mortgage,has_car_loan,savings_balance,checking_balance,region_risk_score,phone_calls_to_support_last_3m,active_loans,customer_tenure_years,default
count,3000.0,3000.0,3000.0,3000.0,3000.0,3000.0,3000.0,3000.0,3000.0,3000.0,3000.0,3000.0,3000.0,3000.0,3000.0,3000.0,3000.0
mean,1500.5,45.059666666666665,69658.992,19.577666666666666,649.2853333333334,0.2840648221675319,3.494666666666667,6.8693333333333335,0.495,0.5013333333333333,20607.256666666668,5559.684333333334,0.4001749955994028,9.524666666666667,1.9763333333333333,6.968666666666667,0.4103333333333333
std,866.1697293256098,14.192882695044277,24742.235181672608,11.38149729674414,69.95585173488257,0.1611124426067934,2.2899169116024503,4.2912777324569955,0.5000583493796114,0.5000815760951461,14035.20973880546,6306.032612331662,0.20452893116243545,5.779030249020613,1.4086996487738994,4.349941634048526,0.4919761875117349
min,1.0,21.0,15000.0,0.0,402.0,0.0061471149847966,0.0,0.0,0.0,0.0,0.0,-3000.0,0.0011480532639611,0.0,0.0,0.0,0.0
25%,750.75,33.0,52641.75,10.0,604.0,0.1577960971056676,1.0,3.0,0.0,0.0,9612.25,341.5,0.23920800359177974,5.0,1.0,3.0,0.0
50%,1500.5,45.0,69784.5,20.0,647.0,0.2617255771720929,3.0,7.0,0.0,1.0,20021.0,5114.5,0.3819918978243101,10.0,2.0,7.0,0.0
75%,2250.25,57.0,85874.25,29.0,697.0,0.3888856008924906,6.0,10.0,1.0,1.0,30101.25,9906.25,0.5492133314988791,15.0,3.0,11.0,1.0
max,3000.0,69.0,156351.0,39.0,850.0,0.878343349584274,7.0,14.0,1.0,1.0,75237.0,29335.0,0.9617329449691724,19.0,4.0,14.0,1.0
